name,generic_name,category,uses,adult_dose,child_dose,elderly_dose,side_effects,contraindications,drug_interactions,warnings,mechanism,half_life,metabolism,excretion,brand_names,emergency
DEPARTMENT OF AYUSH,DEPARTMENT OF AYUSH,Pharmaceutical,"may be shuffled, but the contents are same from the original source. However, in case of doubt, the user is advised to refer the official book. i",,,,,,,,,,,,,false
GENERAL NOTICES,GENERAL NOTICES,Pharmaceutical,"d for scientific name of the drug appearing in the introductory paragraph of each monograph as also for chemicals and reagents, substances or processes described in Appendix. Odour and Taste - Wherever a specific odour has been found it has been mentioned but the description as ‘odourless’ or ‘no od",,,,,,,,,,,,,false
Abbreviations used for Languages,Abbreviations used for Languages,Pharmaceutical,d for Languages Sansk. Sanskrit Assam. Assamese Beng. Bengali Eng. English Guj. Gujrati Kan. Kannada Kash. Kashmiri Mal. Malayalam Mar. Marathi Ori. Oriya Punj. Punjabi Tam. Tamil Tel. Telugu,,,,,,,,,,,,,false
PROPERTIES AND ACTION,PROPERTIES AND ACTION,Pharmaceutical,"- Gulma, AÀh¶¢l¡, K¤miroga, Ka¸·£, Kar¸aroga. DOSE - 1-3 g of the drug in powder form. 2",,,,,,,,,,,,,false
PROPERTIES AND ACTION,(Fam. Euphorbiaceae); mostly collected in winter season,Pharmaceutical,- Raktapitta; Amlapitta; Prameha; D¡ha DOSE - 10-20 g of the drug. 5-10 ml of fresh juice. 6,,,,,,,,,,,,,false
PROPERTIES AND ACTION,"(Pam.Leguminosae), a moderate sized deciduous tree,",Pharmaceutical,"- Raktapitta, Amlapitta, Premeha, D¡ha DOSE - 3-6 g of the drug in powder form. 8",,,,,,,,,,,,,false
PROPERTIES AND ACTION,"(Fam. Leguminosae), collected in spring from mature, wild or cultivated trees,",Pharmaceutical,"- K¤miroga, KuÀ¶ha, Prameha, P¡¸·u, MedodoÀa DOSE - 50-100 g of the drug for decoction. 16",,,,,,,,,,,,,false
DESCRIPTION,DESCRIPTION,Pharmaceutical,"d rows of cells, secondary cortex about twenty layers of compact parenchymatous cells, phloem consists of sieve tubes, companion cells, phloem parenchyma, cambium 4-5 rows of tangentially elongated cells, secondary xylem hard forming a closed vascular ring separated by multiseriate medullary rays, a",,,,,,,,,,,,,false
PROPERTIES AND ACTION,"(Fam. Moraceae, a large",Pharmaceutical,"- áotha, KÀaya, Daurbalya, V¡taroga, Klaibya DOSE - 3-6 g of the drug in powder form. 20",,,,,,,,,,,,,false
PROPERTIES AND ACTION,"(Fam. Linaceae),",Pharmaceutical,"- Prameha, Raktapitta, Vra¸a, V¡tarakta, YonidoÀa DOSE - 20-30 g of the drug for decoction. 22",,,,,,,,,,,,,false
PROPERTIES AND ACTION,") Sweet (Fam. Malvaceae), a",Pharmaceutical,"- K¤miroga, KuÀ¶ha, Pram®ha, áir°r°ga DOSE - 3-6 g of the drug in powder form. 24",,,,,,,,,,,,,false
PROPERTIES AND ACTION,) Willd. ex.,Pharmaceutical,"- K¤miroga, Jvara, K¡sa, Chardi, Am¡tis¡ra DOSE - 0.6-2.0 g of the drug in powder form. 28",,,,"ik¡ C£r¸a THERAPEUTIC USES - K¤miroga, Jvara, K¡sa, Chardi, Am¡tis¡ra DOSE - 0.6-2.0 g of the drug in powder form. 28",,,,,,,,,false
PROPERTIES AND ACTION,(Fam.,Pharmaceutical,"- K¡sa, K¤miroga, KuÀ¶ha, Atis¡ra DOSE - 20-30 g of the drug for decoction. 30",,,,,,,,,,,,,false
PROPERTIES AND ACTION,(Fam. Cruciferae) a,Pharmaceutical,"- Prav¡hik¡, Agnim¡ndya, Graha¸¢roga DOSE - 3-6 g of the drug in powder form. 36",,,,,,,,,,,,,false
PROPERTIES AND ACTION,) Kurz. (Fam.,Pharmaceutical,"- Atis¡ra, Chardi, D¡ha, Jvara, T¤À¸¡, Aj¢r¸a DOSE - 1-3 g of the drug in powder form. 42",,,,,,,,,,,,,false
Gandharvahasta taila,Gandharvahasta taila,Pharmaceutical,"- áotha, Jvara, Udararoga, Ëmav¡ta, Vasti¿£la, Kai¿£la DOSE - 20-30 g of the drug for decoction. 46",,,,,,,,,,,,,false
PROPERTIES AND ACTION,(Fam. Zygophyllacease): an,Pharmaceutical,"- áotha, D¡ha, Jvara, T¤À¸¡, Ër¿a DOSE - 20-30 g of the drug for decoction. 48",,,,,,,,,,,,,false
PROPERTIES AND ACTION,(Fam,Pharmaceutical,"- áv¡sa, H¤droga, K¡sa, V¡taroga, á£laroga, M£trak¤cchra, A¿amar¢ DOSE - 20-30 g of the drug for decoction. 50",,,,,,,,,,,,,false
Jvaraghna,obhav¡di,Pharmaceutical,"- Jvara, KuÀ¶ha, P¡¸·u, Prameha, V¡tarakta, K¡mal¡ DOSE - 3-6 g of the drug in powder form. 20-30 g of the drug for decoction. 55",,,,,,,,,,,,,false
Medohara,(Fam. Leguminosae): a climber,Pharmaceutical,"- Ëmav¡ta, KuÀ¶ha, Prameha, V¡tavy¡di, Granthi, áopha, Ga¸·am¡l¡, Medoroga DOSE - 2-4 g of the drug. 57",,,,,,,,,,,,,false
Anulomana,Anulomana,Pharmaceutical,"- áotha, Ar¿a, Aruci, H¤droga, K¡sa, P¡¸·u, Prameha, Ud¡varta, Vibandha, J¢r¸ajvara, ViÀamajvara, áiroroga, Tamaka áv¡sa, Gulma, Udararoga DOSE - 3-6 g of the drug in powder form. 63",,,,,,,,,,,,,false
PROPERTIES AND ACTION,"f. (Fam. Piperaceae),",Pharmaceutical,"- Apac¢, Ga¸·am¡l¡, K¤miroga, Vra¸a, GudabhraÆ¿a DOSE - 20-30 g of the drug for decoction. 74",,,,,,,,,,,,,false
Mukhadaurgandhyahara,Mukhadaurgandhyahara,Pharmaceutical,"- á£la, Aruci, M£trak¤cchra, M£kharoga DOSE - 1-2 g of the drug in powder form. 76",,,,,,,,,,,,,false
PROPERTIES AND ACTION,", Aloe indica Royle. (Fam. Liliaceae), shrub planted in many Indian",Pharmaceutical,"- Aruci, áv¡sa, Jvara, K¡sa, P¢nasa, Svarabheda, P¡r¿va¿£la DOSE - 20-30 g of the drug for decoction. 80",,,,,,,,,,,,,false
DESCRIPTION,"umerable crystalline, yellowish-brown to chocolate coloured",Pharmaceutical,"ous and bitter. b) Microscopic Powder when mounted in glycerin or lactophenol and examined under the microscope shows innumerable crystalline, yellowish-brown to chocolate coloured particles of varying size and shape. IDENTITY, PURITY AND STRENGTH- Identification: Mix 0.5 g with 50 ml of water, boil",,,,,,,,,,,,,false
PROPERTIES AND ACTION,"ata (Linn.) Merr, Syn. Pongamia glabra",Pharmaceutical,"- Jvara, Udararoga, KaÀ¶¡rtava, Yak¤dvik¡ra DOSE - 125 - 500 mg of the drug in powder form. 82",,,,,,,,,,,,,false
PROPERTIES AND ACTION,"(Fam. Anacardiaceae) during autumn season, growing on",Pharmaceutical,"- H¤droga, Jvara, K¤miroga, Ka¸·£, KuÀ¶ha, Netraroga, Vra¸a, Tamaka¿v¡sa DOSE - 30-125 mg of the drug in powder form. *Dose should not exceed the higher limit. NOTE-Sodhana of this drug is to be done before use as described in the appendix. 87",,,,,,,,,,,,,false
Dantya,Dantya,Pharmaceutical,"- áotha, KuÀ¶ha, Prameha, Vra¸a DOSE - 20-30 g of the drug for the decoction. 97",,,,,,,,,,,,,false
PROPERTIES AND ACTION,odbhav¡di Kv¡tha C£r¸a,Pharmaceutical,"- áotha, D¡ha, Jvara, K¤miroga, Ka¸·£, KuÀ¶ha, Meha, T¤À¸¡, Vra¸a DOSE - 1-3 g of the drug in powder form. 20-30 g of the drug for decoction. 100",,,,,,,,,,,,,false
DESCRIPTION,er porous woody portion lighter in colour showing fine,Pharmaceutical,"ly tapering ends, meduallary rays multi 105",,,,,,,,,,,,,false
PROPERTIES AND ACTION,) Merr. & L.M.,Pharmaceutical,"- Ar¿a, Atis¡ra, KuÀ¶ha, Prav¡hik¡, T¤À¸¡, Jvar¡tis¡ra DOSE - 20-30 g of the drug for decoction. 109",,,,,,,,,,,,,false
PROPERTIES AND ACTION,owing and collected.,Pharmaceutical,"- Gulma, KuÀ¶ha, Vidradhi, áleÀmajvara, Prati¿y¡ya DOSE - 0.5 -1.0 g of the drug in powder form for decoction. 3-6 g of the drug for induction of vomiting. 115",,,,,,,,,,,,,false
PROPERTIES AND ACTION,"(Fam. Menisperrnaceae), an",Pharmaceutical,"- A¿mari, Meha, M£trakicchra DOSE - 3-6 g of the drug in powder form. 20-30 g of the drug for decoction. 121",,,,,,,,,,,,,false
PROPERTIES AND ACTION,"(Fam. Palmae), a graceful,",Pharmaceutical,"- á£laroga, Atis¡ra, Chardi, Jvara, Ka¸·£, KuÀ¶ha, StanyaduÀ¶i DOSE - 3-6 g of the drug in powder form. 123",,,,,,,,,,,,,false
PROPERTIES AND ACTION,"(Fam. Euphorbiaceae), a large",Pharmaceutical,"- á£la, áv¡sa, Chardi, K¡sa, Ka¸·£, Mukharoga DOSE - 1-3 g of the drug in powder form. 133",,,,,,,,,,,,,false
PROPERTIES AND ACTION,) Maton,Pharmaceutical,"- áotha, Gulma, KuÀ¶ha, Meha, Udararoga. DOSE - 125 -250 mg of the drug in powder form. Note- á°dhana of this drug is to be done before use as described in appendix. 135",,,,,,,,,,,,,false
PROPERTIES AND ACTION,"evelly, Madurai and Tiruchirapally and has",Pharmaceutical,"- Agnim¡ndya, áv¡sa, Ëdhm¡na, Ëmav¡ta, P¡¸·u, Udararoga DOSE - 1-2 g of the drug in powder form. 139",,,,,,,,,,,,,false
Jvarahara,Jvarahara,Pharmaceutical,"- Agnim¡ndya, Aruci, Atis¡ra, áv¡sa, Jvara, K¡sa, Ka¸·£, KuÀ¶ha, Raktavik¡ra DOSE - 20-30 g of the drug for decoction. 145",,,,,,,,,,,,,false
PROPERTIES AND ACTION,"(Fam. Euphorbiaceae), an annual herb, 20-60 cm",Pharmaceutical,"- Netraroga, Apasm¡ra, Unm¡da, áiroroga DOSE - 1-3 g of the drug in powder form. 147",,,,,,,,,,,,,false
PROPERTIES AND ACTION,er bark (devoid of cork and cortex) of the coppiced shoots of,Pharmaceutical,"- Amlapitta, K¡sa, KÀaya, KuÀ¶ha, P¡¸·u, Prameha, T¤À¡, KÀata, M £traroga DOSE - 10-20 ml of the drug in juice form. 3-6 of the drug in powder form. 150",,,,,,,,,,,,,false
PROPERTIES AND ACTION,"(Fam. Ranunculaceae), a small",Pharmaceutical,"- D¡ha, Medoroga, Raktapitta, YonidoÀa DOSE - 3-6 g of the drug in powder form. 20-30 g of the drug for decoction. 156",,,,,,,,,,,,,false
PROPERTIES AND ACTION,"(Fam. Cannabinaceae) , an annual, erect, dioecious herb, one to two m high, found almost",Pharmaceutical,"- á£la, K¤miroga, Udararoga, Ëdhm¢na DOSE - 5-10 g of the drug in powder form. 165",,,,,,,,,,,,,false
Taila,) Sprague ex Turril,Pharmaceutical,"- K¡sa, KÀaya, Svarabheda, V¡tarakta, Vra¸a DOSE - 2-4 g of the drug in powder form. 169",,,,,,,,,,,,,false
Model List of Essential Medicines,Model List of Essential Medicines,Pharmaceutical,"of this work, there should be no suggestion that WHO endorses any specific organization, products or services. The use of the WHO logo is not permitted. If you adapt the work, then you must license your work under the same or equivalent Creative Commons licence. If you create a translation of this w",,,,,,,"have been taken by WHO to verify the information contained in this publication. However, the published material is being distributed without warranty of any kind, either expressed or implied. The responsibility for the interpretation and use of the material lies with the reader. In no event shall WH",,,,,,false
Explanatory notes,"brands of the same small molecule medicines,","or chemical subgroup, defined at the 4th level of the Anatomical Therapeutic Chemical (ATC)","for restricting its use to children. The complementary list presents essential medicines for priority diseases, for which specialized diagnostic or monitoring facilities, and/or specialist medical care, and/or specialist training are needed. In case of doubt medicines may also be listed as complemen",,,,,,,,,,,,,false
Complementary List,Complementary List,Pharmaceutical,"in spinal anaesthesia during delivery, to prevent hypotension. 1.3 Preoperative medication and sedation for short-term procedures Injection: 400 micrograms/mL [c]; 1 mg/mL (sulfate) in 1 mL atropine ampoule or vial. Injection: 1 mg/mL in 5 mL vial; 5 mg/mL in 1 mL or 3 mL vial.  midazolam Oral liqu",,,,,,,,,,,,,false
Inhalation,Inhalation,Pharmaceutical,in the management of hypoxaemia. oxygen* *No more than 30% oxygen should be used to initiate resuscitation of neonates less than or equal to 32 weeks of gestation. 2. MEDICINES FOR PAIN AND PALLIATIVE CARE 2.1 Non-opioids and non-steroidal anti-inflammatory medicines (NSAIMs) Suppository: 50 mg to 1,,,,,,,,,,,,,false
Complementary list,Complementary list,Pharmaceutical,in the management of hypoxaemia. *No more than 30% oxygen should be used to initiate resuscitation of neonates less than or equal to 32 weeks of gestation. 2. MEDICINES FOR PAIN AND PALLIATIVE CARE 2.1 Non-opioids and non-steroidal anti-inflammatory medicines (NSAIMs) acetylsalicylic acid Suppositor,,,,,,,,,,,,,false
MEDICINES FOR NEUROLOGICAL DISORDERS,MEDICINES FOR NEUROLOGICAL DISORDERS,Pharmaceutical,as adjunctive therapy for treatment-resistant partial or generalized seizures. Oral liquid: 100 mg/mL levetiracetam Tablet: 250 mg; 500 mg; 750 mg; 1000 mg.  lorazepam Therapeutic alternatives: Injection: 2 mg/mL in 1 mL ampoule; 4 mg/mL in 1 mL ampoule. - diazepam (injection) - midazolam (injectio,,,,,,,,,,,,,false
FIRST CHOICE SECOND CHOICE,FIRST CHOICE SECOND CHOICE,Pharmaceutical,"confusion in prescribing and dispensing and should be avoided. Suppository: 250 mg [c]. Tablet: 250 mg; 325 mg; 500 mg. Tablet (dispersible): 100 mg, 250 mg [c].  sumatriptan Therapeutic alternatives: - eletriptan Tablet: 50 mg. 5.1.5.2 Medicines for migraine prophylaxis propranolol Tablet: 10 mg [",,,,,,,,,,,,,false
ACCESS GROUP ANTIBIOTICS,ACCESS GROUP ANTIBIOTICS,Pharmaceutical,"They are essential antibiotics that should be widely available, affordable and quality assured.",,,,,,,,,,,,,false
RESERVE GROUP ANTIBIOTICS,RESERVE GROUP ANTIBIOTICS,of antibiotics has been developed by WHO,"should be tailored to highly specific patients and settings, when all alternatives have failed or are not suitable. These medicines could be protected and prioritized as key targets of national and international stewardship programmes involving monitoring and utilization reporting, to preserve their",,,,,,,,,,,,,false
FIRST CHOICE,FIRST CHOICE,Pharmaceutical,in children <8 years only for life-threatening infections when no alternative exists.,,,,,,,,,,,,,false
THERAPEUTIC FOODS,THERAPEUTIC FOODS,Pharmaceutical,therapeutic food [c] *of nutritional composition as determined by the UN joint statement on the community-based management of severe acute malnutrition and Codex alimentarius guidelines.,,,,,,,,,,,,,false
MEDICINES AFFECTING THE BLOOD,MEDICINES AFFECTING THE BLOOD,Pharmaceutical,during pregnancy. Tablet: equivalent to 60 mg elemental iron + 2.8 mg folic acid.** **for weekly iron and folic acid supplementation. Oral liquid: 1 mg/mL [c]. Tablet: 400 micrograms*; 1 mg; 5 mg. folic acid *periconceptual use for prevention of first occurrence of neural tube defects. WHO Model Lis,,,,,,,,,,,,,false
DERMATOLOGICAL MEDICINES,DERMATOLOGICAL MEDICINES,Pharmaceutical,"in high-risk patients. 12.7 Fixed-dose combinations for prevention of atherosclerotic cardiovascular disease acetylsalicylic acid +  atorvastatin +  ramipril Therapeutic alternatives: - fluvastatin, lovastatin, pravastatin, simvastatin (for atorvastatin) - 4th level ATC chemical subgroup (C09AA AC",,,,,,,,,,,,,false
IMMUNOLOGICALS,IMMUNOLOGICALS,Pharmaceutical,when alternative first-line treatment is not appropriate or available; and in patients during the first trimester of pregnancy.,,,,,,,,,,,,,false
Therapeutic alternatives to be reviewed,Therapeutic alternatives to be reviewed,Pharmaceutical,in women actively breastfeeding at least 4 times per day 22.2 Ovulation inducers,,,,,,,,,,,,,false
MEDICINES FOR DISEASES OF JOINTS,MEDICINES FOR DISEASES OF JOINTS,Pharmaceutical,d to treat gout allopurinol Tablet: 100 mg. 29.2 Disease-modifying anti-rheumatic drugs (DMARDs) chloroquine Tablet: 100 mg; 150 mg (as phosphate or sulfate).,,,,,,,,,,,,,false
DENTAL MEDICINES AND PREPARATIONS,DENTAL MEDICINES AND PREPARATIONS,Pharmaceutical,"capsules: 0.4 g powder + 0.09 mL liquid. Multi-use bottle: powder + liquid. glass ionomer cement Powder (fluoro-alumino-silicate glass) contains: 25-50% silicate, 20-40% aluminium oxide, 1-20% fluoride, 15-40% metal oxide, 0-15% phosphate, remainder are polyacrylic acid powder and metals in minimal ",,,,,,,,,,,,,false
Oral liquid,Oral liquid,Pharmaceutical,d in EML – parenteral administration,,,,,,,,,,,,,false
Term Definition,Term Definition,Pharmaceutical,"d To the eye Eye drops, eye ointments. Topical For liquids: lotions, paints. For semi-solids: cream, ointment. Rectal Suppositories, gel or solution. Vaginal Pessaries or vaginal tablets. Inhalation Powder for inhalation, solution for inhalation, suspension for inhalation. WHO Model List of Essentia",,,,,,,,,,,,,false
Index,Index,Pharmaceutical,therapeutic food ...................................... 36 triamcinolone hexacetonide ......................................... 62 realgar-Indigo naturalis formulation .............................. 32 triclabendazole .............................................................. 9 red blood cells .,,,,ibine ...................................................................... 6 atazanavir + ritonavir ................................................... 21 clarithromycin .............................................................. 16 atoltivimab + maftivimab + odesivimab ........................,,,,,,,,,false
VOLUME in,VOLUME in,Pharmaceutical,.... 4323 Monographs on Blood and Blood-related Products .... 4497 Monographs on Biotechnology Derived Therapeutic Products .... 4565 Monographs on Allergen Products .... 4703 Monographs on Radiopharmaceutical Preparation .... 4709,,,,,,,,,,,,,false
General Statements,ocuity of such,Pharmaceutical,"d in veterinary texts of the Pharmacopoeia. medicine are established on the same basis as those used in A monograph is to be constructed in accordance with any human medicine. It should be noted that no requirement in the general monograph or notice or any appendix, note or other pharmacopoeia can b",,,,,,,,,,,,,false
Meanings of Terms,"ocuous, shall have no adverse influence",Pharmaceutical,"d: until the filtrate is clear. — per cent w/v (percentage, weight in volume) expressing Freshly prepared. Made not more than 24 hours before it is the number of grams of substance in 100 millilitres of used. product, Label. Any printed packing material, including package inserts — per cent v/w (per",,,,,,,,,,,,,false
Individual Monographs,Individual Monographs,Pharmaceutical,d in analytical operations shall comply with the requirements stated in Drug products that are the subject of an individual monograph Chapter 2.1.6. are also required to comply with the tests given in the general monographs.,,,,,,,,,,,,,false
General Monographs,ing of the,Pharmaceutical,"of the purity of the official material. Elsewhere, in verify that the instructions have been followed. statement of purity and strength and in descriptions of 1287 www.webofpharma.com",,,,,,,,,,,,of the active ingredient or ingredients,false
Test Methods,Test Methods,The statement of category is provided for general,of the article nor to indicate that it has no other activity or use.,,,,,,,,,,,,,false
Tests and Assays,Tests and Assays,Pharmaceutical,"d merely as 10.0 ml or 0.50 ml, the volume is measured using a pipette, compliance requirements and not as requirements to guarantee a volumetric flask or a burette, as appropriate; in other cases, total quality assurance. Tests and assays are prescribed for a graduated measuring cylinder or a gradu",,,,,,,should be taken to avoid Tests and Assays’. A specification for a definite size or type exposure to direct sunlight or other strong light. Where a of container or apparatus in a test or assay is given merely as procedure is directed to be performed ‘protected from light’ a recommendation. precaution,,,,,,false
Requirement Value Result,Requirement Value Result,Pharmaceutical,d shall also of suitable properties and 97.95 . 98.0 Yes quality to protect the drug from any contamination and shall not be the source of contamination by themselves. Notices as Assay limit 101.55 101.6 . No may be needed in respect of Radiopharmaceuticals may also < 101.5 per cent 101.46 . 101.5 Y,,,,,,,,,,,,,false
DOSAGE FORMS,DOSAGE FORMS,Pharmaceutical,inthe Mouth .... 1345 Orodispersible Tablets (Mouth Dissolving Tablets) .... 1345 Sublingual Tablets ! .... 1345 Chewable Tablets .... 1346 1294 www.webofpharma.com,,,,,,,,,,,,,false
Production,Production,Pharmaceutical,"d during production, they are of suitable quality. In ingredients comply with the requirements of general addition, their toxicity and their residual level are taken into monograph, unless otherwise indicated. consideration as mentioned in chapter 5.4. Residual Solvents. The requirements for complia",,,,,,,,,,,,,false
Active Pharmaceutical Ingredients,Active Pharmaceutical Ingredients,Pharmaceutical,"d as active substances or Powdered substances. These may be processed to obtain, a excipients for the production of medicinal products for human certain degree of fineness. or veterinary use. They may be obtained from natural sources Compacted substances. These are processed to increase the or produ",,,,,,,,,,,,,false
Identification,Identification,Pharmaceutical,", under chapter 2.2.9. Microbial Contamination in Nonsterile products, gives recommendations of the article. on microbiological quality that are of general relevance for Certain monographs contain a cross-reference to a test substances subject to microbial contamination. Depending prescribed in the ",,,,,,,,,,,,,false
Capsules,Capsules,Pharmaceutical,"d for other applications such as dry powder inhalers, Weigh an intact capsule. Open the capsule without losing suppositories etc. The consistency of soft shells may be any part of the shell and remove the contents as completely adjusted by the addition of substances such as Glycerin or as possible. ",,,,,,,,,,,,,false
Soft Gelatin Capsules,Soft Gelatin Capsules,Pharmaceutical,"may be dissolution test (2.5.2) is included in the individual monograph, prefabricated. The shells which are thicker than those of hard the test for Disintegration is not required. capsules are formed to produce capsules which are spherical, oval or cylindrical with hemispherical ends. Hard Gelatin ",,,,,,,,,,,,,false
Tests,Tests,Pharmaceutical,water as the medium. The disc may be omitted if the capsule,,,,,,,,,,,,,false
Effervescent Granules,Effervescent Granules,Pharmaceutical,d for the preparation of oral solutions or suspensions are given in the general Effervescent granules are uncoated granules generally monograph on Oral Liquids. containing acid substances and carbonates or hydrogen Definition carbonates which react rapidly in the presence of water to release carbon ,,,,,,,,,,,,,false
Inhalation Preparations,Inhalation Preparations,Pharmaceutical,"d; (6) the conditions etc. These excipients do not adversely affect the functions of under which it should be stored; (7) a warning that the the . mucosa of the respiratory tract or its cilia. Suspensions container is under pressure and that it must not be punctured, and emulsions are readily disper",,,,,,,"that the the . mucosa of the respiratory tract or its cilia. Suspensions container is under pressure and that it must not be punctured, and emulsions are readily dispersible on shaking and they broken or incinerated even when apparently empty; (8) the remain sufficiently stable to enable the correct",,,,,,false
Liquid preparations for nebulisation,"ing (from 3 inhalers), middle (from 4 inhalers) and",Pharmaceutical,"Liquid preparations for nebulisation may also be various preparation.categories in this monograph. For inter- prepared from powders by reconstitution in the prescribed inhaler testing, a suitable procedure is to take 10 inhalers and liquid. collect a single dose from each inhaler, collecting the dos",,,,,,,,,,,,,false
Uniformity of delivered dose,Uniformity of delivered dose,Pharmaceutical,"d. Uniformity of weight (2.5.3). This test is not applicable to The apparatus consists of a filter-support base with an open­ Nebulisers that are required to comply with the test for mesh filter-support, such as a stainless steel screen, a collection Uniformity of content for all the active ingredie",,,,,,,,,,,,,false
Aerodynamic assessment of nebulised aerosols,Aerodynamic assessment of nebulised aerosols,Pharmaceutical,d. . filter disks. The filter disk and other materials used in the 1306 www.webofpharma.com,,,,,,,,,,,,,false
Number of deliveries per inhaler,Number of deliveries per inhaler,Pharmaceutical,"d,",,,,,,,,,,,,,false
Fine particle dose,Fine particle dose,Pharmaceutical,"the volumetric flow meter, calibrated for the flow leaving the meter, same procedure as for pressurised inhalers with appropriate according to the following procedure. adaptation of the methodology to non-pressurised inhalers. Prepare the inhaler for use and connect it to the inlet of the Depending ",,,,,,,,,,,,,false
Inhalation powders,Inhalation powders,Pharmaceutical,"a flowmeter calibrated for the containers. To facilitate their use, active substances may be volumetric flow leaving the meter, or calculate the volumetric 1309 www.webofpharma.com",,,,,,,,,,,,,false
Connector Vacuum Mouthpiece,Connector Vacuum Mouthpiece,Pharmaceutical,d for powder for inhalation described in Fig. 2,,,,,,,,,,,,,false
Code Item Description,Code Item Description,Pharmaceutical,"the results lie between 7 5 per cent and 125 per cent of the average following expression: value and all lie between 65 per cent and 135 per cent. If 2 or 3 values lie outside the limits of 75 per cent to 125 per cent, (J _ Qin(cid:0) X(cid:0)^0 repeat the test for 2 more inhalers. Not more than 3 o",,,,,,,,,,,,,false
Particles,er surface of the inlet tube to the lower,Pharmaceutical,"d to determine the fine particle characteristics Quantitatively collect the contents of the apparatus and of the aerosol clouds generated by preparations for inhalation. determine the amount of active substance. Unless otherwise justified and authorised, one of the following Repeat the procedure for",,,,,,,,,,,,,false
Procedure for pressurised inhalers,er surface of port. The front face of the inhaler mouthpiece must be flush,Pharmaceutical,"and locate the mouthpiece in the suitable pump to- the outlet of the apparatus. Adjust the air apparatus by means of a suitable adapter. Switch on the pump flow through the apparatus, as measured at the inlet to the for 5 seconds. Switch, off the pump and remove the inhaler. throat,.to.60 ± 5 litres",,,,,,,,,,,,,false
Procedure for pressurised inhalers,Procedure for pressurised inhalers,Pharmaceutical,"Connect a suitable pump to the outlet of the apparatus and adjust the air flow through the apparatus, as measured at the inlet to the induction port, to 28.3 litres per minute (± 5 per cent). Switch off the pump. Unless otherwise prescribed in the patient instructions shake the inhaler for 5 seconds",,,,,,,,,,,,,false
Interior bore surface roughness Ra,er walls and the per minute are selected.,Pharmaceutical,"rs must justify and validate the use ofthe impactor in the and extract the active substance into an aliquot ofthe solvent. chosen conditions, when flow rates different from 28.3 litres Extract the active substance from the inner walls and the per minute are selected. collection plate of each of the ",,,,,,,,,,,,,false
Procedure for pressurised inhalers,er walls and the collection plate of each of the 4 upper Diameter h n.a n.a n.a 2.70 n.a,Pharmaceutical,"Connect Table 5 - Dimensions1 of jet tube with impaction plate a suitable vacuum pump to the outlet of the apparatus and Type Code2 Stage Stage Stage Stage Filter adjust the air flow through the apparatus, as measured at the stage inlet to the induction port, to 30 litres per minute (± 5 per cent). ",,,,,,,,,,,,,false
Procedure for powder inhalers,er surface See Fig. 7,Pharmaceutical,"d in the test Fig. 8: Details of the filter stage (stage 5). Numbers refer to dimensions for uniformity of delivered dose, drawing 4 litre of air from the (> 0 = diameter). Uppercase letters refer to Table 4. ' ■ moulhpiece of the-inhaler and through the apparatus. : : 1318 www.webofpharma.com",,,,,,,,,,,,,false
Isometric view of induction port,er bores and tapers should be smooth - surface roughness Ra approx. 0.4pm.,Pharmaceutical,"a flow meter and replace the Stoppers. Tilt the apparatus to wet the stoppers^ calibrated for the volumetric flow leaving the meter, or calculate thereby neutralising electrostatic charge. Place a suitable the volumetric flow leaving the meter (Qout) using the ideal gas mouthpiece adapter in positio",,,,,,,,,,,,,false
Code Item Description,er walls and the collection plate of each of the 4 upper,Pharmaceutical,d at all but the first stage (Fig. 13). The flow active substance contained in each of the aliquots of solvent. passes through the impactor in a saw-tooth pattern. Calculate the fine particle dose (see Calculations). Critical dimensions are provided in Table 7. :,,,,,,,,,,,,,false
Clamping mechanism,Clamping mechanism,Pharmaceutical,"d to use. Connect a suitable pump to the outlet of the apparatus provide an airtight seal between the inhaler and the induction and adjust the air flow through the apparatus, as measured at port. the inlet to the induction port, to 30 liter per minutes (± 5 per cent). Switch off the pump. Apparatus ",,,,,,,,,,,,,false
Bottom,Bottom,Pharmaceutical,"according to the patient to lock the impactor together so that the system is airtight. instructions. With the pump running and the 2-way solenoid When used, the pre-separator should be assembled as follows: valve closed, locate the mouthpiece of the inhaler in the assemble the pre-separator insert i",,,,,,,,,,,,,false
Apparatus,ing of an,Pharmaceutical,"d a defined initial time.period. The time chosen, usually 60 ± I for the test. The breathing profile indicated for adults is used second, must allow sufficient active substance deposition on unless the medicinal product is specifically intended for use the inhalation filter to allow quantitative ana",,,,,,,,,,,,,false
Waveform sinusoidal sinusoidal sinusoidal sinusoidal,Waveform sinusoidal sinusoidal sinusoidal sinusoidal,Pharmaceutical,d for 1328 www.webofpharma.com,,,,,,,,,,,,,false
Aerodynamic assessment of nebulised Aerosols,Aerodynamic assessment of nebulised Aerosols,Pharmaceutical,d to capture any fine droplets that pass beyond lower than the range that is normally used for powder inhalers the last size fractionating stage. and metered-dose inhalers. A flow rate of 15 litre per minutes A- pre-separator is not used for testing nebuliser-generated is recommended because this va,,,,,,,,,,,,,false
Apparatus,ing at the induction port and ending with,Pharmaceutical,"of a equipment, beginning at the induction port and ending with cooling cabinet) can also be employed when validated. the back-up filter of the impactor (Fig. 18). Where appropriate, Fm,comP f°r adjacent stages of the impactor may be combined Set up the nebuliser with a supply of driving gas (usuall",,,,,,,to ensure that the gas supply line does not become Determine the cumulative mass-weighed particle-size detached from the nebuliser when under pressure. Fill the distribution of the aerosol size-fractionated by the impactor in nebuliser with the volume of the medicinal product as specified accordance,,,,,,false
Introduction,Introduction,Pharmaceutical,"a solution of insulin (approximately containing preparations) of the total area of the peaks. Ignore 4 mg per ml), containing more than 0.4 per cent of high molecular any peak with a retention time greater than that of the insulin mass proteins. An injectable insulin preparation, whether a peak. sol",,,,,,,,,,,,,false
Related proteins,Related proteins,Pharmaceutical,d. Insulin containing the conditions as described in the Table: indicated percentage of high molecular mass proteins may be prepared by allowing insulin powder to stand at room Table temperature for about ten days.,,,,,,,,,,,,,false
Time Mobile Mobile Comment,Time Mobile Mobile Comment,Pharmaceutical,"within 30 hours phase (a) phase (b) (soluble insulin injection) or 7 days (other insulin preparations). (min) (per cent v/v) (per cent v/v) If an automatic injector is used, maintain the temperature at 2° 0-30 42 58 isocratic to 10°. 30-44 42~»11 58—>89 linear gradient",,,,,,,,,,,,,false
Chromatographic system,Chromatographic system,Pharmaceutical,"within 24 hours. for the separation of insulin monomer from dimers and Perform a system suitability check (resolution, linearity) as. polymers, described under Assay of Insulins (2.3.46). If necessary, the - mobile phase: a filtered and degassed mixture of 15 relative proportions of the mobile phase",,,,,,,,,,,,,false
Liposomal Inj ectable Preparati ons,Liposomal Inj ectable Preparati ons,Pharmaceutical,"solutions containing 0.40 pg, Liposomal Preparations should not show any evidence of 0.80 pg, 1.00 pg, 1.20pgandl.60 pg ofZnper millilitre, freshly separation and show uniform appearance after shaking. prepared by diluting zinc solution AAS (5 mg/ml Zn) with 0.01 M hydrochloric acid. Tests Measure t",,,,,,,,,,,,,false
Lotions,Lotions,Pharmaceutical,Uniformity of weight. Nasal Preparations supplied in single application containers comply with the test for contents of packaged dosage forms (2.5.6).,,,,,,,,,,,,,false
Nasal Preparations,Nasal Preparations,Pharmaceutical,"by dissolving or dispersing should it retard wound healing; it should be smooth, inert, granules or powder in the liquid stated on the label. The odourless or almost odourless, physically and chemically granules or powder comply with the requirements stated under stable and compatible with the skin ",,,,,,,,,,,,,false
Oral Liquids,Oral Liquids,Pharmaceutical,"d as a sweetening agent, its one or more active ingredients dissolved in a suitable vehicle. concentration in preparations meant for paediatric use should be restricted so as to limit its intake to 5 mg per kg of body Oral Suspensions. Oral Suspensions are Oral Liquids weight. containing one or more",,,,,,,,,,,,,false
Oral Powders,Oral Powders,Pharmaceutical,They are intended after the content of active ingredient(s) in a pooled sample of. to be taken internally with or without the aid of water or any the preparation has been shown to be within the accepted other suitable liquid. limits of the stated content. Oral Powders maybe single dose or multiple d,,,,,,,,,,,,,false
Injectable Preparations,Injectable Preparations,Pharmaceutical,Precautions to be. taken for administration and for storage of their special nature and licensing requirements. between .successive withdrawals from such multiple dose 1337 www.webofpharma.com,,,,,,,to be. taken for administration and for storage of their special nature and licensing requirements. between .successive withdrawals from such multiple dose 1337 www.webofpharma.com,,,,,,false
Injections,Injections,Pharmaceutical,"of the preparation. Injections that, are suspensions may show a sediment which is readily dispersible Single-dose containers. Select 1 container if the nominal on shaking. The suspension remains sufficiently stable to volume is 10 ml or more, 3 containers if the nominal volume is enable a homogenous",,,,,,,,,,,,,false
Infusions,ocuous and,Pharmaceutical,of the preparation. required. Tests Remove any adherent labels from a container and wash and dry the outside. Open the container and immediately weigh Intravenous Infusions comply with the requirements of tests the container and its contents. Empty the container as stated under individual monographs,,,,,,,,,,,,,false
Pessaries,Pessaries,Pharmaceutical,"as a single dose. Capsules. The active ingredients are dissolved or dispersed in a suitable Uniformity of weight. This test is not applicable to Pessaries base containing one or more auxiliary substances that may be that are required to comply with the test for Uniformity of dispersible, soluble or ",,,,,,,,,,,,,false
Tablets,Tablets,Pharmaceutical,"other than by oral administration such as Vaginal preparations or Oromucosal Carry out the disintegration test (2.5.1). Disintegration occurs preparations and to lozenges, oral pastes and oral gums. in not more than 30 minutes for Compressed Pessaries and Shell Pessaries and in not more than 60 minu",,,,,,,,,,,,,false
Suppositories,ocuous and therapeutically safe in the quantities present.,Pharmaceutical,"as a single dose for local action or systemic absorption of the active Tablets are usually solid, right circular cylindrical, the end ingredients. surfaces of which are flat or convex and the edges of which may be bevelled. They may exist in other shapes like triangular, The active ingredients are g",,,,,,,,,,,,,false
Uncoated Tablets,Uncoated Tablets,Pharmaceutical,"of adherence to the uncoated tablet is examined under a lens, either a relatively discs, repeat the test on a further 6 tablets omitting the discs. uniform texture (single-layer tablets) or a stratified structure The tablets comply with the test if all 6 tablets have (multi-layer tablets) is seen; t",,,,,,,,,,,,,false
Dispersible Tablets,Dispersible Tablets,Pharmaceutical,"of produce a uniform dispersion in water and may contain adherence to the discs, repeat the test on a further 6 tablets permitted flavouring and sweetening agents. However, if omitting the discs. The tablets comply with the test if all 6 saccharin, including its sodium and potassium salts, is used t",,,,,,,,,,,,,false
Effervescent Tablets,Effervescent Tablets,Pharmaceutical,"d as coatings are. usually applied as a solution or suspension in conditions in which evaporation of the vehicle Effervescent tablets are uncoated tablets generally containing occurs. When the coating is thin, the tablets are described as acidic substances and either carbonates or bicarbonates which",,,,,,,,,,,,,false
Soluble Tablets,Soluble Tablets,Pharmaceutical,The solution produced enteric coated tablets as the case may be. . may be slightly opalescent due to added substances used in the manufacture of the tablets. Tablets covered with gastro resistant coating conform to the definition of Coated Tablets. Tests Tests Disintegration (2.5.1). Soluble tablets,,,,,,,,,,,,,false
Chewable Tablets Tests,Chewable Tablets Tests,Pharmaceutical,d. preparations. 1346 www.webofpharma.com,,,,,,,,,,,,,false
Ambriscntan,Ambriscntan,Pharmaceutical,mide Tablets .... 1430 Aminocaproic Acid .... 1432 Aminocaproic Acid Injection 1432 Aminocaproic Acid Tablets .... 1433 Aminophylline .... 1434 Aminophylline Injection .... 1435 Aminophylline Prolonged-release Tablets .... 1436 Aminophylline Tablets .... 1436 Amiodarone Hydrochloride .... 1437 Amiod,,,,,,,,,,,,,false
MONOGRAPHS INDIAN PHARMACOPOEIA,MONOGRAPHS INDIAN PHARMACOPOEIA,Antiretroviral. phosphate and 2 g of tetrabutylammonium hydrogen,,,,,,,,,,,,,,false
Abacavir Sulphate and Lamivudine Tablets,Abacavir Sulphate and Lamivudine Tablets,Pharmaceutical,"the filtrate, dilute if necessary, with the ■ the tailing factor is not more than 2.0. dissolution medium. Inject reference solution (b) and the test solution. In the Reference solution. Dissolve 75 mg of abacavir sulphate 1PRS chromatogram obtained with the test solution, the area of any and 30 mg ",,,,,,,,,,,,,false
Time Mobile Mobile Flow rate,"acle IIC-18),",Anticancer.,,,,,,,,,,,,,,false
Acesulphame Potassium,Acesulphame Potassium,Antipsychotic.,"d in the treatment - spectrophotometer set at 265 nm, of glaucoma. - injection volume: 25 pl Description. A white to faintly yellowish-white, crystalline powder. Name Relative Correction retention time factor",,,,,,,,,,,,,false
Acetic Acid Ear Drops,Acetic Acid Ear Drops,Acidifying agent; buffering agent; pharmaceutical Acetic Acid Otic Solution,,,,,,,,,,,,,,false
Aciclovir,Aciclovir,Antiviral. 40. 80 20,"10 ml of chloride standard solution (5 ppm Cl) to prepare the standard. Sulphates (2.3.17). 15 ml of solution B complies with the limit test for sulphates (50 ppm). Assay. Weigh a conical flask with a ground-glass stopper containing 25 ml of water, add 1 ml of the substance under C8HnN5O3 Mol. Wt; 2",,,,,,,,,,,,,false
Name Relative Correction,Name Relative Correction,Pharmaceutical,area of the principal peak in the chromatogram obtained with the upper aqueous layer. reference solution (a) (0.03 per cent). Test solution (b). Dilute 1.0 ml of test solution (a) to 10.0 ml Sulphated ash (2.3.18). Not more than 0.1 per cent. with 0.1 Msodium hydroxide. Water (2.3.43). Not more than,,,,,,,,,,,,,false
Intravenous Infusion,Intravenous Infusion,Pharmaceutical,guanine in 0:1 Msodium hydroxide. The constituted solution complies with the requirements for Apply to the plate 10 pl of each solution. Allow the mobile Clarity of solution and Particulate matter stated under phase to rise 12.cm. Dry the pate in a current of warm air and Parenteral Preparations (In,,,,,,,,,,,,,false
Adenosine,Adenosine,Antiepileptic.,"the filtrate, dilute if necessary, with the dissolution medium. Reference solution. A 0.03 per cent w/v solution of adefovir dipivoxil IPRS in the mobile phase. Further dilute 4.0 ml ofthe solution to 100.0 ml with the dissolution medium. Use chromatographic system as described under Assay. Calculat",,,,,,,,,,,,,false
Alginic Acid,Alginic Acid,Pharmaceutical aid.,"nitric acid in place of develops, which becomes red after cooling and pouring into sulphuric acid to wet the sample. about 10 ml of water. Microbial contamination (2.2.9). 1 g is free from Escherichia D. Heat about 0.5 g, ammonia vapour is evolved, which turns coli and 10 g is free from Salmonella a",,,,,,,,,,,,,false
Tests,"), known in commerce as Curacao Aloes or corresponding to. that due to barbaloin in the chromatogram",Laxative. while in the case of Cape Aloes no such violet band appears.,"within 24 hours. maximum at about 250 nm (2.4,7) using 0.1 Mhydrochloric Reference solution. Dissolve 50 mg of barbaloin in 10.0 ml acid as the blank. methanol. Calculate the content of C5H4N4O, taking 563 as the specific Apply to the plate 5 pl of each solution as bands 20 mm x absorbance at 250 nm",,,,,,,,,,,,,false
Mixture,Mixture,Antacid. <,,,,,,,,,,,,,,false
Tests Aluminium Magnesium Silicate,Tests Aluminium Magnesium Silicate,Pharmaceutical aid.,,,,,,,,,,,,,,false
Amantadine Hydrochloride,Amantadine Hydrochloride,Antiviral; antiparkinsonian.,,,,,,,,,,,,,,false
Amifostine,Amifostine,; Cytoprotective agent.',,,,,,,,,,,,,,false
Amifostine for Injection,Amifostine for Injection,Pharmaceutical,"methanol, The injection is constituted by dissolving the contents of the - flow rate: 1 ml per minute, sealed container in the requisite amount of sterile 0.9 per cent - spectrophotometer set at 220 nm, w/v sodium chloride injection, immediately before use?' - injection volume: 10 pl. The constitute",,,,,,,,,,,,,false
Chromatographic system Amikacin,Chromatographic system Amikacin,Antibacterial.,"1.0 ml of the supernatant. Identification Bacterial endotoxins (2.2.3).Not more than 0.2 Endotoxin Unit A. Determine by thin-layer chromatography (2.4.17), coating per mg of amifostine. the plate with silica gel G. Sterility (2.2.11). Complies with the test for sterility. Mobile phase. A mixture of ",,,,,,,,,,,,,false
Amiloride and Frusemide Tablets,Amiloride and Frusemide Tablets,Pharmaceutical,"mide Tablets Other tests. Comply with the tests stated under Tablets. Amiloride Hydrochloride and Furosemide Tablets^ Assay. Determine by liquid chromatography (2.4.14). : "" Amiloride and Furosemide Tablets; Amiloride Test solution. Weigh and powder 20 tablets. Dissolve a quantity Hydrochloride and ",,,,,,,,,,,,,false
Aminocaproic Acid,Aminocaproic Acid,"Haemostatic; antifibrinolytic. with 0.1 Mperchloric acid, using crystal violet solution as",,,,,,,,,,,,,,false
Chromatographic system Identification,Chromatographic system Identification,Pharmaceutical,"d if crystals have separated. Disperse a quantity of the powder containing 0.3 g of Aminophylline with 20 ml of water, heat to 50° for 30 minutes and titrate with 0.05 M sulphuric acid, using bromocresol green solution as indicator, until the colour changes from Aminophylline Prolonged-release blue ",,,,,,,,,,,,,false
Name Relative,Name Relative,Pharmaceutical,"Amiodarone impurity B2 0.37 and keep protected from bright light. Amiodarone 1.0 Mobile phase. A mixture of 5 volumes of anhydrous formic acid, 10 volumes of methanol and 85 volumes of '(2-butylbenzofiiran-3~yl)(4-hydroxy-3,5-diiodophenyl) methanone, dichloromethane. 2(2--buty[benzofuran-3-yI)(4-hyd",,,,,,,,,,,,,false
Amiodarone Hydrochloride Tablets,Amiodarone Hydrochloride Tablets,Antipsychotic.,,,,,,,,,,,,,,false
Amitriptyline Hydrochloride,Amitriptyline Hydrochloride,Antidepressant.,,,,,,,,,,,,,,false
Amlodipine Besilate,Amlodipine Besilate,Pharmaceutical,the clear supernatant liquid. C^CINAS Mol.Wt. 567.1 Reference solution. Dissolve 25.0 mg of amitriptyline hydrochloride IPRS in 10 ml of methanol and dilute to 25.0 ml Amlodipine Besylate is 3-ethyl 5-methyl (47?.$)- with methanol (50per cent). 2-[(2-aminoethoxy)methyl]-4-(2-chlorophenyl)-6-methyl- ,,,,,,,,,,,,,false
Tests Chromatographic system,Tests Chromatographic system,Pharmaceutical,"the filtrate, dilute if necessary with the w/v solution of potassium dihydrogen phosphate and dissolution medium. 18 volumes of methanol, adjusted, to pH 7.0 with Reference solution. A solution containing amlodipine besylate triethylamine, . IPRS and nebivolol hydrochloride IPRS equivalent to 0.055 ",,,,,,,,,,,,,false
Amlodipine and Valsartan Tablets,Amlodipine and Valsartan Tablets,Pharmaceutical,"the filtrate, dilute if necessary, with the 3000 rpm. Use the clear supernatant. dissolution medium. Test solution (b). Dilute a suitable volume of test solution (a) Reference solution (a). Dissolve 40 mg, each of, amlodipine to 100.0 ml with the solvent mixture to obtain a solution besylate IPRS an",,,,,,,,,,,,,false
Amlodipine Besylate,Amlodipine Besylate,Pharmaceutical,"the Assay. Determine by liquid chromatography (2.4.14). filtrate, dilute if necessary, with the dissolution medium. Test solution. Dissolve 0.1 g of the substance under Measure the absorbance of the resulting solution at the maximum at about 239 nm (2.4.7). Calculate the content of examination in th",,,,,,,,,,,,,false
Amorolfine Hydrochloride,Amorolfine Hydrochloride,Antifungal.,,,,,,,,,,,,,,false
Amoxapine Tablets,Amoxapine Tablets,Antibacterial.,"the solution within 6 hours. Category. Antibacterial. Reference solution. Dissolve a suitable quantity of amoxycillin Description. A white or almost white powder; very trihydrate IPRS in the solvent mixture by shaking and mixing hygroscopic. if necessary, with the aid of ultrasound and dilute to obt",,,,,,,,,,,,,false
Injection,Injection,Pharmaceutical,reference electrode or any other suitable electrode. The constituted solution complies with the requirements for 1 ml of 0.1 Msilver nitrate is equivalent to 0.005845 g of NaCl. Clarity of solution and Particulate matter stated under Parenteral Preparations (Injections). Bacterial endotoxins (2.2.3),,,,,,,,,,,,,false
Amoxycillin Trihydrate,Amoxycillin Trihydrate,Antibacterial. 6 hours.,"the solution within Category. Antibacterial. 6 hours. Description. Awhite or. almost white, crystalline powder. Reference solution. Weigh a suitable quantity of amoxycillin trihydrate IPRS, dissolve in the solvent mixture by shaking",,,,,,,,,,,,,false
Amoxycillin Capsules contain Amoxycillin Trihydrate,Amoxycillin Capsules contain Amoxycillin Trihydrate,Pharmaceutical,the solution within 6 hours.,,,,,,,,,,,,,false
Amoxycillin Oral Suspension,Amoxycillin Oral Suspension,Pharmaceutical,Tests Amoxycillin Oral Suspension contains Amoxycillin Trihydrate equivalent to not less than 90.0 per cent and not more than Other tests. Comply with the tests stated under Tablets. 120.0 per cent ofthe stated amount of amoxicillin Ci6Hi9N3OsS. Assay. Determine by liquid chromatography (2.4.14). Wh,,,,,,,,,,,,,false
Clavulanate Injection,Clavulanate Injection,Pharmaceutical,"pH (2.4.24). 8.0 to 10.0, determined in a solution containing about 10 per cent w/v of amoxycillin. The constituted solution complies with the requirements for Clarity of solution and Particulate matter stated under Bacterial endotoxins (2.2.3). Not more than 0.25 Endotoxin Parenteral Preparations (",,,,,,,,,,,,,false
Ampicillin,Ampicillin,"Antibacterial, - spectrophotometer set at 254 nm,","d immediately after preparation but, in any case within the period recommended by the manufacturer. Amphotericin B Injection contains not less than 90.0 per cent and not more than 120.0 per cent of the stated amount of C16H19N3O4S Mol. Wt. 349.4 amphotericin B,C471173NOI7. Ampicillin is (6R)-6-(a-ph",,,,,,,,,,,,,false
Ampicillin Capsules,Ampicillin Capsules,Pharmaceutical,"the Ampicillin Capsules contain Ampicillin or Ampicillin Trihydrate solution promptly after preparation. equivalent to not less than 92.5 per cent and not more than 107.5 percent of the stated amount of ampicillin, C16H]9N3O4S. Reference solution (b). Dissolve caffeine IPRS in reference solution (a)",,,,,,,,,,,,,false
Ampicillin Oral Suspension,Ampicillin Oral Suspension,Pharmaceutical,", contains not less than Determine the weight per ml (2.4.29) of the suspension and 80.0 per cent of the stated amount of ampicillin, Ci6H19N3O4S. calculate the content of C16Hi9N3O4S, weight in volume. Storage. Store protected from moisture at a temperature not Repeat the procedure using a portion ",,,,,,,,,,,,,false
Ampicillin Dispersible Tablets,Ampicillin Dispersible Tablets,Pharmaceutical,the solution Usual strengths. The equivalent of 125 mg and 250 mg of promptly after preparation. ampicillin. 1476 www.webofpharma.com,,,,,,,,,,,,,false
Ampicillin Sodium,Ampicillin Sodium,"Antibacterial,","the solution promptly after preparation. not more than 100.5 per cent of C16H]8N3NaO4S, calculated on Reference solution (a). Weigh a suitable quantity of ampicillin the anhydrous basis. IPRS, dissolve in the solvent mixture by shaking and mixing if Category. Antibacterial, necessary, with the aid o",,,,,,,,,,,,,false
